target_site,source_url,keyword,topic,category,status,task_log,error_message,retry_count,monica_account,scraper_backend,raw_content,meta_title,meta_description,word_count,rewrite_v1,final_content,image_url,wordpress_post_id,wordpress_url,created_at,updated_at,completed_at
marketingscoop,https://www.datamation.com/applications/10-best-practices-for-application-deployment/,bagaimana penerapan,Top practices for application deployment,applications,,,,,gao,,,,,,,,,,,,,
marketingscoop,https://www.datamation.com/applications/10-reasons-to-ditch-internet-explorer-for-google-chrome/,google chrome vs internet explorer,Top reasons to ditch internet explorer for google chrome,applications,,,,,gao,,,,,,,,,,,,,
marketingscoop,https://www.datamation.com/applications/12-leading-open-source-data-tools/,open source data analytics tools,Top leading open source data tools,applications,,,,,gao,,,,,,,,,,,,,
marketingscoop,https://www.datamation.com/applications/12-steps-to-eai/,what is eai,steps to eai,applications,,,,,gao,,,,,,,,,,,,,
marketingscoop,https://www.datamation.com/applications/5-big-data-apps-with-effective-use-cases/,data applications,Top big data apps with effective use cases,applications,,,,,gao,,,,,,,,,,,,,
marketingscoop,https://www.datamation.com/applications/apache-airflow-review/,apache airflow,apache airflow review,applications,,,,,gao,,,,,,,,,,,,,
marketingscoop,https://www.datamation.com/applications/apache-openoffice-vs-libreoffice/,openoffice vs libreoffice,apache openoffice vs libreoffice,applications,,,,,gao,,,,,,,,,,,,,
marketingscoop,https://www.datamation.com/applications/apache-releases-open-source-openoffice-4/,apache openoffice,apache releases open source openoffice 4,applications,,,,,gao,,,,,,,,,,,,,
marketingscoop,https://www.datamation.com/applications/astronomer-closes-213m-funding-round-data-orchestration/,astronomer crunchbase,astronomer closes 213m funding round data orchestration,applications,,,,,gao,,,,,,,,,,,,,
marketingscoop,https://www.datamation.com/applications/augury-acquiring-ai-company-seebo/,seebo,augury acquiring ai company seebo,applications,,,,,gao,,,,,,,,,,,,,
marketingscoop,https://www.datamation.com/applications/best-business-intelligence-software-and-tools/,business intelligence software,best business intelligence software and tools,applications,,,,,gao,,,,,,,,,,,,,
marketingscoop,https://www.datamation.com/applications/best-data-visualization-tools/,topten softwares,best data visualization tools,applications,,,,,gao,,,,,,,,,,,,,
marketingscoop,https://www.datamation.com/applications/business-intelligence-software-key-applications/,business intelligence applications,business intelligence software key applications,applications,,,,,gao,,,,,,,,,,,,,
marketingscoop,https://www.datamation.com/applications/business-intelligence-software-ten-leaders/,information builders vs style intelligence,business intelligence software ten leaders,applications,,,,,gao,,,,,,,,,,,,,
marketingscoop,https://www.datamation.com/applications/choosing-an-enterprise-crm-tool-the-top-crm-solutions/,enterprise crm solution,choosing an enterprise crm tool the top crm solutions,applications,,,,,gao,,,,,,,,,,,,,
marketingscoop,https://www.datamation.com/applications/comparing-big-data-solutions/,big data solutions,comparing big data solutions,applications,,,,,gao,,,,,,,,,,,,,
marketingscoop,https://www.datamation.com/applications/customer-support-apps-six-top-choices/,customer service apps,customer support apps six top choices,applications,,,,,gao,,,,,,,,,,,,,
marketingscoop,https://www.datamation.com/applications/deploying-windows-xp-using-the-windows-pe/,windows xp pe,deploying windows xp using the windows pe,applications,,,,,gao,,,,,,,,,,,,,
marketingscoop,https://www.datamation.com/applications/designer-software-at-thrift-store-prices/,thrift software,designer software at thrift store prices,applications,,,,,gao,,,,,,,,,,,,,
marketingscoop,https://www.datamation.com/applications/desktop-virtualization-overview-and-software/,desktop virtualization software,desktop virtualization overview and software,applications,,,,,gao,,,,,,,,,,,,,
marketingscoop,https://www.datamation.com/applications/desktop-virtualization-virtual-pcs-apps-and-trends/,virtual pc,desktop virtualization virtual pcs apps and trends,applications,,,,,gao,,,,,,,,,,,,,
marketingscoop,https://www.datamation.com/applications/devops-tools-comparison/,aws chef and puppet,devops tools comparison,applications,,,,,gao,,,,,,,,,,,,,
marketingscoop,https://www.datamation.com/applications/excel-101-create-worksheets-and-charts/,ikon yang digunakan untuk membuat lembar kerja baru adalah,excel 101 create worksheets and charts,applications,,,,,gao,,,,,,,,,,,,,
marketingscoop,https://www.datamation.com/applications/flock-browser-released/,flock browser,flock browser released,applications,,,,,gao,,,,,,,,,,,,,
marketingscoop,https://www.datamation.com/applications/foss-calls-for-oasis-patent-boycott/,oasis boycott,foss calls for oasis patent boycott,applications,,,,,gao,,,,,,,,,,,,,
marketingscoop,https://www.datamation.com/applications/how-to-cheat-at-online-poker-a-study-in-software-security/,how to cheat at online poker,how to cheat at online poker a study in software security,applications,,,,,gao,,,,,,,,,,,,,
marketingscoop,https://www.datamation.com/applications/how-to-install-and-run-windows-7-beta/,windows 7 beta,how to install and run windows 7 beta,applications,,,,,gao,,,,,,,,,,,,,
marketingscoop,https://www.datamation.com/applications/how-to-use-images-and-photos-in-word/,gambar word,how to use images and photos in word,applications,,,,,gao,,,,,,,,,,,,,
marketingscoop,https://www.datamation.com/applications/how-to-use-lists-in-excel/,excel list function,how to use lists in excel,applications,,,,,gao,,,,,,,,,,,,,
marketingscoop,https://www.datamation.com/applications/hubspot-crm-vs-salesforce/,hubspot crm vs salesforce,hubspot crm vs salesforce,applications,,,,,gao,,,,,,,,,,,,,
marketingscoop,https://www.datamation.com/applications/ibm-brings-its-blue-cloud-to-the-enterprise/,ibm blue cloud,ibm brings its blue cloud to the enterprise,applications,,,,,gao,,,,,,,,,,,,,
marketingscoop,https://www.datamation.com/applications/ibm-rolls-out-first-software-tools-from-rational/,ibm rational,ibm rolls out first software tools from rational,applications,,,,,gao,,,,,,,,,,,,,
marketingscoop,https://www.datamation.com/applications/internet-explorer-8-review/,internet explorer 8,internet explorer 8 review,applications,,,,,gao,,,,,,,,,,,,,
marketingscoop,https://www.datamation.com/applications/internet-explorer-9s-new-features/,internet explorer 9,internet explorer 9s new features,applications,,,,,gao,,,,,,,,,,,,,
marketingscoop,https://www.datamation.com/applications/internet-of-things-iot-software-trends/,internet of things software,internet of things iot software trends,applications,,,,,gao,,,,,,,,,,,,,
marketingscoop,https://www.datamation.com/applications/invicti-review/,invicti security,invicti review,applications,,,,,gao,,,,,,,,,,,,,
marketingscoop,https://www.datamation.com/applications/is-apples-mobileme-worth-the-money/,mobileme,is apples mobileme worth the money,applications,,,,,gao,,,,,,,,,,,,,
marketingscoop,https://www.datamation.com/applications/legalmation-ibm-watson-ai-for-litigation/,legalmation,legalmation ibm watson ai for litigation,applications,,,,,gao,,,,,,,,,,,,,
marketingscoop,https://www.datamation.com/applications/link-or-embed-how-to-add-an-excel-chart-to-a-word-doc/,how to insert an excel chart into word,link or embed how to add an excel chart to a word doc,applications,,,,,gao,,,,,,,,,,,,,
marketingscoop,https://www.datamation.com/applications/machine-learning-vs-deep-learning/,machine learning comes under which domain,machine learning vs deep learning,applications,,,,,gao,,,,,,,,,,,,,
marketingscoop,https://www.datamation.com/applications/managing-ims-role-in-business/,im business,managing ims role in business,applications,,,,,gao,,,,,,,,,,,,,
marketingscoop,https://www.datamation.com/applications/microservices-vs-soa/,microservices vs soa,microservices vs soa,applications,,,,,gao,,,,,,,,,,,,,
marketingscoop,https://www.datamation.com/applications/microsoft-apologizes-pulls-china-site-after-code-theft/,china statebacked microsoft code firm apologizes,microsoft apologizes pulls china site after code theft,applications,,,,,gao,,,,,,,,,,,,,
marketingscoop,https://www.datamation.com/applications/microsoft-powerpoint-2007-improved-but/,microsoft powerpoint 2007,microsoft powerpoint 2007 improved but,applications,,,,,gao,,,,,,,,,,,,,
marketingscoop,https://www.datamation.com/applications/microsoft-releases-azure-health-data-services/,azure health data services,microsoft releases azure health data services,applications,,,,,gao,,,,,,,,,,,,,
marketingscoop,https://www.datamation.com/applications/microsoft-rolling-out-supply-chain-platform/,microsoft supply chain platform,microsoft rolling out supply chain platform,applications,,,,,gao,,,,,,,,,,,,,
marketingscoop,https://www.datamation.com/applications/microsoft-takes-kia-motors-for-a-ride/,uvo microsoft,microsoft takes kia motors for a ride,applications,,,,,gao,,,,,,,,,,,,,
marketingscoop,https://www.datamation.com/applications/microsoft-word-tips-autocorrect-and-autotext/,auto text in ms word,microsoft word tips autocorrect and autotext,applications,,,,,gao,,,,,,,,,,,,,
marketingscoop,https://www.datamation.com/applications/microsoft-word-working-with-field-codes/,word toggle field codes,microsoft word working with field codes,applications,,,,,gao,,,,,,,,,,,,,
marketingscoop,https://www.datamation.com/applications/professional-services-automation-psa-software/,cloud based professional services automation software,professional services automation psa software,applications,,,,,gao,,,,,,,,,,,,,
marketingscoop,https://www.datamation.com/applications/pros-and-cons-of-artificial-intelligence/,pros and cons of artificial intelligence,pros and cons of artificial intelligence,applications,,,,,gao,,,,,,,,,,,,,
marketingscoop,https://www.datamation.com/applications/sap-acquires-sybase-for-5-8-billion/,sybase,sap acquires sybase for 5 8 billion,applications,,,,,gao,,,,,,,,,,,,,
marketingscoop,https://www.datamation.com/applications/snyk-acquires-developer-cloud-security-platform-fugue/,fugue snyk,snyk acquires developer cloud security platform fugue,applications,,,,,gao,,,,,,,,,,,,,
marketingscoop,https://www.datamation.com/applications/starburst-raises-250m-round-data-analytics/,starburst data valuation,starburst raises 250m round data analytics,applications,,,,,gao,,,,,,,,,,,,,
marketingscoop,https://www.datamation.com/applications/storage-virtualization-overview-and-options/,virtualized storage,storage virtualization overview and options,applications,,,,,gao,,,,,,,,,,,,,
marketingscoop,https://www.datamation.com/applications/synergy-one-app-to-control-all-your-pcs/,synergy app,synergy one app to control all your pcs,applications,,,,,gao,,,,,,,,,,,,,
marketingscoop,https://www.datamation.com/applications/ten-leading-business-intelligence-software-solutions/,business intelligence suite,ten leading business intelligence software solutions,applications,,,,,gao,,,,,,,,,,,,,
marketingscoop,https://www.datamation.com/applications/the-best-open-source-content-management-systems/,open source content management system,the best open source content management systems,applications,,,,,gao,,,,,,,,,,,,,
marketingscoop,https://www.datamation.com/applications/top-10-api-management-tools/,api management tools,top 10 api management tools,applications,,,,,gao,,,,,,,,,,,,,
marketingscoop,https://www.datamation.com/applications/top-apm-tools/,apm vendors,top apm tools,applications,,,,,gao,,,,,,,,,,,,,
marketingscoop,https://www.datamation.com/applications/top-data-mining-tools/,data mining application,top data mining tools,applications,,,,,gao,,,,,,,,,,,,,
marketingscoop,https://www.datamation.com/applications/top-data-modeling-tools/,dtm data modeler,top data modeling tools,applications,,,,,gao,,,,,,,,,,,,,
marketingscoop,https://www.datamation.com/applications/top-product-lifecycle-management-plm-software-2020/,plm software list,top product lifecycle management plm software 2020,applications,,,,,gao,,,,,,,,,,,,,
marketingscoop,https://www.datamation.com/applications/top-robotics-companies/,top robotics companies,top robotics companies,applications,,,,,gao,,,,,,,,,,,,,
marketingscoop,https://www.datamation.com/applications/upgrading-windows-xp-to-windows-7-advice-and-shortcuts/,windows 7 upgrade from xp,upgrading windows xp to windows 7 advice and shortcuts,applications,,,,,gao,,,,,,,,,,,,,
marketingscoop,https://www.datamation.com/applications/using-gmail-offline-email-without-the-web/,gmail offline,using gmail offline email without the web,applications,,,,,gao,,,,,,,,,,,,,
marketingscoop,https://www.datamation.com/applications/virtual-pc/,virtual computer,virtual pc,applications,,,,,gao,,,,,,,,,,,,,
marketingscoop,https://www.datamation.com/applications/vmware-carbon-black-review/,vmware carbon black,vmware carbon black review,applications,,,,,gao,,,,,,,,,,,,,
marketingscoop,https://www.datamation.com/applications/what-are-low-code-and-no-code-development-platforms/,low code development,what are low code and no code development platforms,applications,,,,,gao,,,,,,,,,,,,,
marketingscoop,https://www.datamation.com/applications/what-is-api-management/,api observability,what is api management,applications,,,,,gao,,,,,,,,,,,,,
marketingscoop,https://www.datamation.com/applications/what-is-automation/,define automation,what is automation,applications,,,,,gao,,,,,,,,,,,,,
marketingscoop,https://www.datamation.com/applications/which-software-version-should-we-use/,what is software version,which software version should we use,applications,,,,,gao,,,,,,,,,,,,,
marketingscoop,https://www.datamation.com/applications/why-nvidia-approach-metaverse-working/,nvidia metaverse,why nvidia approach metaverse working,applications,,,,,gao,,,,,,,,,,,,,
marketingscoop,https://www.datamation.com/applications/why-offshoring-software-development-will-fail/,offshoring software development,why offshoring software development will fail,applications,,,,,gao,,,,,,,,,,,,,
marketingscoop,https://www.datamation.com/applications/windows-8-launches-october-26/,windows 8 release date,windows 8 launches october 26,applications,,,,,gao,,,,,,,,,,,,,
marketingscoop,https://www.datamation.com/applications/windows-server-2003-inside-the-box/,windows server 2003,windows server 2003 inside the box,applications,,,,,gao,,,,,,,,,,,,,
marketingscoop,https://www.datamation.com/applications/xactly-planning-for-more-intelligent-saas/,cognos vs xactly,xactly planning for more intelligent saas,applications,,,,,gao,,,,,,,,,,,,,
marketingscoop,https://www.datamation.com/artificial-intelligence/12-examples-of-artificial-intelligence-ai-powers-business/,what is artificial intelligence with examples,examples of artificial intelligence ai powers business,,,,,,gao,,,,,,,,,,,,,
marketingscoop,https://www.datamation.com/artificial-intelligence/25-top-ai-startups/,ai startups,top ai startups,,,,,,gao,,,,,,,,,,,,,
marketingscoop,https://www.datamation.com/artificial-intelligence/ai-and-deep-learning/,ai and deep learning,ai and deep learning,,,,,,gao,,,,,,,,,,,,,
marketingscoop,https://www.datamation.com/artificial-intelligence/ai-chip-startup-groq-valuation/,groq revenue,ai chip startup groq valuation,,,,,,gao,,,,,,,,,,,,,
marketingscoop,https://www.datamation.com/artificial-intelligence/ai-companies/,ai company,ai companies,,,,,,gao,,,,,,,,,,,,,
marketingscoop,https://www.datamation.com/artificial-intelligence/ai-image-generators/,deep ai image generator,ai image generators,,,,,,gao,,,,,,,,,,,,,
marketingscoop,https://www.datamation.com/artificial-intelligence/ai-startup-cohere-funding/,cohere valuation,ai startup cohere funding,,,,,,gao,,,,,,,,,,,,,
marketingscoop,https://www.datamation.com/artificial-intelligence/ai-vs-machine-learning-vs-deep-learning/,deep learning vs ai,ai vs machine learning vs deep learning,,,,,,gao,,,,,,,,,,,,,
marketingscoop,https://www.datamation.com/artificial-intelligence/alteryx-product-overview-and-insight/,alteryx software,alteryx product overview and insight,,,,,,gao,,,,,,,,,,,,,
marketingscoop,https://www.datamation.com/artificial-intelligence/amazon-ai-investment-us-agencies/,amazon sagemaker pricing,amazon ai investment us agencies,,,,,,gao,,,,,,,,,,,,,
marketingscoop,https://www.datamation.com/artificial-intelligence/amazon-openai-deal/,amazon openai,amazon openai deal,,,,,,gao,,,,,,,,,,,,,
marketingscoop,https://www.datamation.com/artificial-intelligence/amazon-rekognition-review/,amazon rekognition,amazon rekognition review,,,,,,gao,,,,,,,,,,,,,
marketingscoop,https://www.datamation.com/artificial-intelligence/amazon-robot-plan/,what job makes 600k a year,amazon robot plan,,,,,,gao,,,,,,,,,,,,,
marketingscoop,https://www.datamation.com/artificial-intelligence/anthropic-claude-sonnet/,4.5 codes,anthropic claude sonnet,,,,,,gao,,,,,,,,,,,,,
marketingscoop,https://www.datamation.com/artificial-intelligence/artificial-intelligence-certifications/,certifications in ai,artificial intelligence certifications,,,,,,gao,,,,,,,,,,,,,
marketingscoop,https://www.datamation.com/artificial-intelligence/artificial-intelligence-in-energy/,artificial intelligence energy,artificial intelligence in energy,,,,,,gao,,,,,,,,,,,,,
marketingscoop,https://www.datamation.com/artificial-intelligence/artificial-intelligence-market/,artificial intelligence market,artificial intelligence market,,,,,,gao,,,,,,,,,,,,,
marketingscoop,https://www.datamation.com/artificial-intelligence/artificial-intelligence-use-cases/,ai use cases,artificial intelligence use cases,,,,,,gao,,,,,,,,,,,,,
marketingscoop,https://www.datamation.com/artificial-intelligence/aws-sagemaker-product-overview-and-insight/,aws sagemaker,aws sagemaker product overview and insight,,,,,,gao,,,,,,,,,,,,,
marketingscoop,https://www.datamation.com/artificial-intelligence/computer-vision-market/,computer vision market,computer vision market,,,,,,gao,,,,,,,,,,,,,
marketingscoop,https://www.datamation.com/artificial-intelligence/data-annotation/,data annotation definition,data annotation,,,,,,gao,,,,,,,,,,,,,
marketingscoop,https://www.datamation.com/artificial-intelligence/datarobot-ai-portfolio-review/,datarobot ai,datarobot ai portfolio review,,,,,,gao,,,,,,,,,,,,,
marketingscoop,https://www.datamation.com/artificial-intelligence/deep-learning-providers/,deep learning software,deep learning providers,,,,,,gao,,,,,,,,,,,,,
marketingscoop,https://www.datamation.com/artificial-intelligence/google-chrome-free-ai-agent/,ai chrome extension,google chrome free ai agent,,,,,,gao,,,,,,,,,,,,,
marketingscoop,https://www.datamation.com/artificial-intelligence/google-cloud-vertex-ai-review/,vertex ai,google cloud vertex ai review,,,,,,gao,,,,,,,,,,,,,
marketingscoop,https://www.datamation.com/artificial-intelligence/google-cloud-visual-inspection-ai/,visual inspection ai,google cloud visual inspection ai,,,,,,gao,,,,,,,,,,,,,
marketingscoop,https://www.datamation.com/artificial-intelligence/google-gems-sharing/,chatgpt google,google gems sharing,,,,,,gao,,,,,,,,,,,,,
marketingscoop,https://www.datamation.com/artificial-intelligence/google-nextera-ai-deal/,strike of the giants,google nextera ai deal,,,,,,gao,,,,,,,,,,,,,
marketingscoop,https://www.datamation.com/artificial-intelligence/how-to-use-chatgpt/,how do i use chatgpt,how to use chatgpt,,,,,,gao,,,,,,,,,,,,,
marketingscoop,https://www.datamation.com/artificial-intelligence/hpe-ezmeral-ml-ops-review/,hpe ml ops,hpe ezmeral ml ops review,,,,,,gao,,,,,,,,,,,,,
marketingscoop,https://www.datamation.com/artificial-intelligence/ibm-artificial-intelligence-ai-portfolio/,ibm ai,ibm artificial intelligence ai portfolio,,,,,,gao,,,,,,,,,,,,,
marketingscoop,https://www.datamation.com/artificial-intelligence/ibm-watson-discovery-review/,ibm watson discovery,ibm watson discovery review,,,,,,gao,,,,,,,,,,,,,
marketingscoop,https://www.datamation.com/artificial-intelligence/ibm-watson-studio-product-overview-and-insight/,watson studio,ibm watson studio product overview and insight,,,,,,gao,,,,,,,,,,,,,
marketingscoop,https://www.datamation.com/artificial-intelligence/insurers-ai-liability-coverage/,pull back,insurers ai liability coverage,,,,,,gao,,,,,,,,,,,,,
marketingscoop,https://www.datamation.com/artificial-intelligence/machine-learning-certifications/,machine learning certification,machine learning certifications,,,,,,gao,,,,,,,,,,,,,
marketingscoop,https://www.datamation.com/artificial-intelligence/machine-learning-companies/,machine learning companies,machine learning companies,,,,,,gao,,,,,,,,,,,,,
marketingscoop,https://www.datamation.com/artificial-intelligence/machine-learning-trends/,machine learning developments,machine learning trends,,,,,,gao,,,,,,,,,,,,,
marketingscoop,https://www.datamation.com/artificial-intelligence/machine-learning-use-cases/,ml use cases,machine learning use cases,,,,,,gao,,,,,,,,,,,,,
marketingscoop,https://www.datamation.com/artificial-intelligence/meta-q3-2025-results/,meta tax,meta q3 2025 results,,,,,,gao,,,,,,,,,,,,,
marketingscoop,https://www.datamation.com/artificial-intelligence/microsoft-azure-artificial-ai-portfolio/,microsoft azure ai news,microsoft azure artificial ai portfolio,,,,,,gao,,,,,,,,,,,,,
marketingscoop,https://www.datamation.com/artificial-intelligence/microsoft-azure-cognitive-search-review/,cognitive search,microsoft azure cognitive search review,,,,,,gao,,,,,,,,,,,,,
marketingscoop,https://www.datamation.com/artificial-intelligence/microsoft-azure-machine-learning-studio-product-overview-and-insight/,azure ml studio,microsoft azure machine learning studio product overview and insight,,,,,,gao,,,,,,,,,,,,,
marketingscoop,https://www.datamation.com/artificial-intelligence/microsoft-nvidia-anthropic-partnership/,microsoft openai partnership,microsoft nvidia anthropic partnership,,,,,,gao,,,,,,,,,,,,,
marketingscoop,https://www.datamation.com/artificial-intelligence/microsoft-openai-restructure-deal/,layerx security,microsoft openai restructure deal,,,,,,gao,,,,,,,,,,,,,
marketingscoop,https://www.datamation.com/artificial-intelligence/natural-language-processing-providers/,nlp vendors,natural language processing providers,,,,,,gao,,,,,,,,,,,,,
marketingscoop,https://www.datamation.com/artificial-intelligence/notion-ai-agent/,notion ai news,notion ai agent,,,,,,gao,,,,,,,,,,,,,
marketingscoop,https://www.datamation.com/artificial-intelligence/nvidia-avatar/,nvidia ai avatars,nvidia avatar,,,,,,gao,,,,,,,,,,,,,
marketingscoop,https://www.datamation.com/artificial-intelligence/nvidia-fujitsu-alliance/,nvlink,nvidia fujitsu alliance,,,,,,gao,,,,,,,,,,,,,
marketingscoop,https://www.datamation.com/artificial-intelligence/nvidia-isaac-sim-robotic-age/,isaac sim,nvidia isaac sim robotic age,,,,,,gao,,,,,,,,,,,,,
marketingscoop,https://www.datamation.com/artificial-intelligence/nyt-sues-perplexity-ai/,south sk perplexity perplexity aibasedreuters,nyt sues perplexity ai,,,,,,gao,,,,,,,,,,,,,
marketingscoop,https://www.datamation.com/artificial-intelligence/octopus-energy-kraken/,octopus energy kraken,octopus energy kraken,,,,,,gao,,,,,,,,,,,,,
marketingscoop,https://www.datamation.com/artificial-intelligence/openai-500b-valuation/,valuation of openai,openai 500b valuation,,,,,,gao,,,,,,,,,,,,,
marketingscoop,https://www.datamation.com/artificial-intelligence/openai-buys-software-applications-incorporated/,software applications incorporated,openai buys software applications incorporated,,,,,,gao,,,,,,,,,,,,,
marketingscoop,https://www.datamation.com/artificial-intelligence/openai-mixpanel-security-incident/,mixpanel,openai mixpanel security incident,,,,,,gao,,,,,,,,,,,,,
marketingscoop,https://www.datamation.com/artificial-intelligence/openai-secret-device/,chatgpt device,openai secret device,,,,,,gao,,,,,,,,,,,,,
marketingscoop,https://www.datamation.com/artificial-intelligence/openai-wall-street/,how much of the wolf of wall street is true,openai wall street,,,,,,gao,,,,,,,,,,,,,
marketingscoop,https://www.datamation.com/artificial-intelligence/open-source-artificial-intelligence-leading-projects/,open source ai projects,open source artificial intelligence leading projects,,,,,,gao,,,,,,,,,,,,,
marketingscoop,https://www.datamation.com/artificial-intelligence/perplexity-browser-goes-free/,browser market share,perplexity browser goes free,,,,,,gao,,,,,,,,,,,,,
marketingscoop,https://www.datamation.com/artificial-intelligence/rapidminer-product-overview-and-insight/,rapidminer features,rapidminer product overview and insight,,,,,,gao,,,,,,,,,,,,,
marketingscoop,https://www.datamation.com/artificial-intelligence/salesforce-mexico/,salesforce mexico,salesforce mexico,,,,,,gao,,,,,,,,,,,,,
marketingscoop,https://www.datamation.com/artificial-intelligence/sap-leonardo-product-overview-and-insight/,leonardo sap,sap leonardo product overview and insight,,,,,,gao,,,,,,,,,,,,,
marketingscoop,https://www.datamation.com/artificial-intelligence/softbank-profit-doubles/,38b 34b softbank arm,softbank profit doubles,,,,,,gao,,,,,,,,,,,,,
marketingscoop,https://www.datamation.com/artificial-intelligence/the-top-cloud-based-ai-services/,cloud based ai,the top cloud based ai services,,,,,,gao,,,,,,,,,,,,,
marketingscoop,https://www.datamation.com/artificial-intelligence/top-10-benefits-of-robotic-process-automation-rpa/,rpa benefits,top benefits of robotic process automation rpa,,,,,,gao,,,,,,,,,,,,,
marketingscoop,https://www.datamation.com/artificial-intelligence/top-10-chatbot-platforms/,chatbot platforms,top chatbot platforms,,,,,,gao,,,,,,,,,,,,,
marketingscoop,https://www.datamation.com/artificial-intelligence/top-15-robotic-process-automation-rpa-companies/,rpa company,top robotic process automation rpa companies,,,,,,gao,,,,,,,,,,,,,
marketingscoop,https://www.datamation.com/artificial-intelligence/top-aiops-companies/,aiops vendors,top aiops companies,,,,,,gao,,,,,,,,,,,,,
marketingscoop,https://www.datamation.com/artificial-intelligence/top-machine-learning-services-in-the-cloud/,machine learning services,top machine learning services in the cloud,,,,,,gao,,,,,,,,,,,,,
marketingscoop,https://www.datamation.com/artificial-intelligence/top-machine-learning-solutions/,machine learning solutions,top machine learning solutions,,,,,,gao,,,,,,,,,,,,,
marketingscoop,https://www.datamation.com/artificial-intelligence/voice-recognition-market/,voice-ready markets,voice recognition market,,,,,,gao,,,,,,,,,,,,,
marketingscoop,https://www.datamation.com/artificial-intelligence/what-is-artificial-intelligence/,what is artificial intelligence?,what is artificial intelligence,,,,,,gao,,,,,,,,,,,,,
marketingscoop,https://www.datamation.com/artificial-intelligence/what-is-text-analysis/,text analysis,what is text analysis,,,,,,gao,,,,,,,,,,,,,
marketingscoop,https://www.datamation.com/artificial-intelligence/why-ai-is-overhyped/,ai is overhyped,why ai is overhyped,,,,,,gao,,,,,,,,,,,,,
marketingscoop,https://www.datamation.com/big-data/5-data-analytics-trends-shaping-the-future-of-analytics/,data analytics trends,5 data analytics trends shaping the future of analytics,big-data,,,,,gao,,,,,,,,,,,,,
marketingscoop,https://www.datamation.com/big-data/adobe-audience-manager-review/,adobe data management platform,adobe audience manager review,big-data,,,,,gao,,,,,,,,,,,,,
marketingscoop,https://www.datamation.com/big-data/ai-data-classification/,ai data classification,ai data classification,big-data,,,,,gao,,,,,,,,,,,,,
marketingscoop,https://www.datamation.com/big-data/astera-centerprise-data-integrator-product-overview-and-insight/,centerprise data integrator,astera centerprise data integrator product overview and insight,big-data,,,,,gao,,,,,,,,,,,,,
marketingscoop,https://www.datamation.com/big-data/automatic-identification-and-data-capture-aidc/,aidc full form,automatic identification and data capture aidc,big-data,,,,,gao,,,,,,,,,,,,,
marketingscoop,https://www.datamation.com/big-data/aws-amazon-healthlake/,aws healthlake,aws amazon healthlake,big-data,,,,,gao,,,,,,,,,,,,,
marketingscoop,https://www.datamation.com/big-data/best-dashboard-software/,sales dashboard software,best dashboard software,big-data,,,,,gao,,,,,,,,,,,,,
marketingscoop,https://www.datamation.com/big-data/best-data-science-tools/,data science software,best data science tools,big-data,,,,,gao,,,,,,,,,,,,,
marketingscoop,https://www.datamation.com/big-data/best-stream-analytics-software/,streaming analytics tools,best stream analytics software,big-data,,,,,gao,,,,,,,,,,,,,
marketingscoop,https://www.datamation.com/big-data/big-data-analytics-tools/,big data analytics software,big data analytics tools,big-data,,,,,gao,,,,,,,,,,,,,
marketingscoop,https://www.datamation.com/big-data/big-data-architecture/,big data architecture,big data architecture,big-data,,,,,gao,,,,,,,,,,,,,
marketingscoop,https://www.datamation.com/big-data/big-data-best-practices/,big data recommendations,big data best practices,big-data,,,,,gao,,,,,,,,,,,,,
marketingscoop,https://www.datamation.com/big-data/big-data-certifications/,big data certification,big data certifications,big-data,,,,,gao,,,,,,,,,,,,,
marketingscoop,https://www.datamation.com/big-data/big-data-challenges/,challenges of big data,big data challenges,big-data,,,,,gao,,,,,,,,,,,,,
marketingscoop,https://www.datamation.com/big-data/big-data-companies/,data companies,big data companies,big-data,,,,,gao,,,,,,,,,,,,,
marketingscoop,https://www.datamation.com/big-data/big-data-experts-top-job-titles/,big data experts,big data experts top job titles,big-data,,,,,gao,,,,,,,,,,,,,
marketingscoop,https://www.datamation.com/big-data/big-data-in-finance/,big data in finance,big data in finance,big-data,,,,,gao,,,,,,,,,,,,,
marketingscoop,https://www.datamation.com/big-data/big-data-management/,big data management,big data management,big-data,,,,,gao,,,,,,,,,,,,,
marketingscoop,https://www.datamation.com/big-data/big-data-market/,big data market,big data market,big-data,,,,,gao,,,,,,,,,,,,,
marketingscoop,https://www.datamation.com/big-data/big-data-pros-and-cons/,disadvantages of big data,big data pros and cons,big-data,,,,,gao,,,,,,,,,,,,,
marketingscoop,https://www.datamation.com/big-data/big-data-security/,big data security,big data security,big-data,,,,,gao,,,,,,,,,,,,,
marketingscoop,https://www.datamation.com/big-data/big-data-strategy/,big data strategy,big data strategy,big-data,,,,,gao,,,,,,,,,,,,,
marketingscoop,https://www.datamation.com/big-data/big-data-technologies/,big data technologies,big data technologies,big-data,,,,,gao,,,,,,,,,,,,,
marketingscoop,https://www.datamation.com/big-data/big-data-trends/,big data trends,big data trends,big-data,,,,,gao,,,,,,,,,,,,,
marketingscoop,https://www.datamation.com/big-data/big-data-visualization/,big data visualization,big data visualization,big-data,,,,,gao,,,,,,,,,,,,,
marketingscoop,https://www.datamation.com/big-data/big-data-vs-artificial-intelligence/,big data vs ai,big data vs artificial intelligence,big-data,,,,,gao,,,,,,,,,,,,,
marketingscoop,https://www.datamation.com/big-data/business-intelligence-software-and-predictive-analytics/,predictive business intelligence,business intelligence software and predictive analytics,big-data,,,,,gao,,,,,,,,,,,,,
marketingscoop,https://www.datamation.com/big-data/crm-software-examples/,crm software examples,crm software examples,big-data,,,,,gao,,,,,,,,,,,,,
marketingscoop,https://www.datamation.com/big-data/customer-database-software/,customer database system,customer database software,big-data,,,,,gao,,,,,,,,,,,,,
marketingscoop,https://www.datamation.com/big-data/data-aggregation/,data aggregation tools,data aggregation,big-data,,,,,gao,,,,,,,,,,,,,
marketingscoop,https://www.datamation.com/big-data/data-analysis/,define data analysis,data analysis,big-data,,,,,gao,,,,,,,,,,,,,
marketingscoop,https://www.datamation.com/big-data/data-analytics-techniques/,big data analytics methods,data analytics techniques,big-data,,,,,gao,,,,,,,,,,,,,
marketingscoop,https://www.datamation.com/big-data/data-analytics-tools/,analytics software,data analytics tools,big-data,,,,,gao,,,,,,,,,,,,,
marketingscoop,https://www.datamation.com/big-data/data-analytics-trends/,data analytics trends 2023,data analytics trends,big-data,,,,,gao,,,,,,,,,,,,,
marketingscoop,https://www.datamation.com/big-data/data-availability/,the most common way to maintain data availability,data availability,big-data,,,,,gao,,,,,,,,,,,,,
marketingscoop,https://www.datamation.com/big-data/database-management-system/,what is database management software,database management system,big-data,,,,,gao,,,,,,,,,,,,,
marketingscoop,https://www.datamation.com/big-data/database-market/,database market,database market,big-data,,,,,gao,,,,,,,,,,,,,
marketingscoop,https://www.datamation.com/big-data/database-snapshots/,snapshot in dbms,database snapshots,big-data,,,,,gao,,,,,,,,,,,,,
marketingscoop,https://www.datamation.com/big-data/data-blending-how-blending-data-provides-insight/,data blending,data blending how blending data provides insight,big-data,,,,,gao,,,,,,,,,,,,,
marketingscoop,https://www.datamation.com/big-data/databricks-acquire-8080-labs-no-code-data-science-tool/,8080 labs,databricks acquire 8080 labs no code data science tool,big-data,,,,,gao,,,,,,,,,,,,,
marketingscoop,https://www.datamation.com/big-data/data-capture/,data capture methods,data capture,big-data,,,,,gao,,,,,,,,,,,,,
marketingscoop,https://www.datamation.com/big-data/data-classification-policy/,data classification policy,data classification policy,big-data,,,,,gao,,,,,,,,,,,,,
marketingscoop,https://www.datamation.com/big-data/data-classification-software/,classification software,data classification software,big-data,,,,,gao,,,,,,,,,,,,,
marketingscoop,https://www.datamation.com/big-data/data-collection-market/,data collection industry,data collection market,big-data,,,,,gao,,,,,,,,,,,,,
marketingscoop,https://www.datamation.com/big-data/data-collection-trends/,data collection technologies,data collection trends,big-data,,,,,gao,,,,,,,,,,,,,
marketingscoop,https://www.datamation.com/big-data/data-compression/,data compression techniques,data compression,big-data,,,,,gao,,,,,,,,,,,,,
marketingscoop,https://www.datamation.com/big-data/data-discovery/,what is data discovery,data discovery,big-data,,,,,gao,,,,,,,,,,,,,
marketingscoop,https://www.datamation.com/big-data/data-driven-decision-making/,data driven decision making,data driven decision making,big-data,,,,,gao,,,,,,,,,,,,,
marketingscoop,https://www.datamation.com/big-data/data-extraction-tools/,data extraction software,data extraction tools,big-data,,,,,gao,,,,,,,,,,,,,
marketingscoop,https://www.datamation.com/big-data/data-governance-tools/,data access governance solutions,data governance tools,big-data,,,,,gao,,,,,,,,,,,,,
marketingscoop,https://www.datamation.com/big-data/data-governance-vs-data-management/,mdm and data governance,data governance vs data management,big-data,,,,,gao,,,,,,,,,,,,,
marketingscoop,https://www.datamation.com/big-data/data-lake/,what is a data lake,data lake,big-data,,,,,gao,,,,,,,,,,,,,
marketingscoop,https://www.datamation.com/big-data/data-lake-vs-data-warehouse/,data lake to data warehouse,data lake vs data warehouse,big-data,,,,,gao,,,,,,,,,,,,,
marketingscoop,https://www.datamation.com/big-data/data-lifecycle-phases/,data life cycle,data lifecycle phases,big-data,,,,,gao,,,,,,,,,,,,,
marketingscoop,https://www.datamation.com/big-data/data-management-best-practices/,data management best practices,data management best practices,big-data,,,,,gao,,,,,,,,,,,,,
marketingscoop,https://www.datamation.com/big-data/data-management-platforms/,data management platform,data management platforms,big-data,,,,,gao,,,,,,,,,,,,,
marketingscoop,https://www.datamation.com/big-data/data-management-tools/,best data management software,data management tools,big-data,,,,,gao,,,,,,,,,,,,,
marketingscoop,https://www.datamation.com/big-data/data-management-trends/,datamation,data management trends,big-data,,,,,gao,,,,,,,,,,,,,
marketingscoop,https://www.datamation.com/big-data/data-management-types-and-challenges/,types of data management,data management types and challenges,big-data,,,,,gao,,,,,,,,,,,,,
marketingscoop,https://www.datamation.com/big-data/data-migration-strategy-and-best-practices/,data migration strategy,data migration strategy and best practices,big-data,,,,,gao,,,,,,,,,,,,,
marketingscoop,https://www.datamation.com/big-data/data-migration-vs-etl/,data migration etl,data migration vs etl,big-data,,,,,gao,,,,,,,,,,,,,
marketingscoop,https://www.datamation.com/big-data/data-mining-market/,data mining companies,data mining market,big-data,,,,,gao,,,,,,,,,,,,,
marketingscoop,https://www.datamation.com/big-data/data-mining-techniques/,data mining techniques,data mining techniques,big-data,,,,,gao,,,,,,,,,,,,,
marketingscoop,https://www.datamation.com/big-data/data-mining-use-cases/,data mining case study,data mining use cases,big-data,,,,,gao,,,,,,,,,,,,,
marketingscoop,https://www.datamation.com/big-data/data-modeling-vs-data-architecture-key-differences/,data architecture vs data modeling,data modeling vs data architecture key differences,big-data,,,,,gao,,,,,,,,,,,,,
marketingscoop,https://www.datamation.com/big-data/data-observability-tools/,data observability tools,data observability tools,big-data,,,,,gao,,,,,,,,,,,,,
marketingscoop,https://www.datamation.com/big-data/data-observability-vs-data-monitoring-3-key-differences/,data monitoring,data observability vs data monitoring 3 key differences,big-data,,,,,gao,,,,,,,,,,,,,
marketingscoop,https://www.datamation.com/big-data/data-pipeline-architecture/,data pipeline architecture,data pipeline architecture,big-data,,,,,gao,,,,,,,,,,,,,
marketingscoop,https://www.datamation.com/big-data/data-pipeline-design/,data pipeline design principles,data pipeline design,big-data,,,,,gao,,,,,,,,,,,,,
marketingscoop,https://www.datamation.com/big-data/data-pipeline-tools/,data pipeline tools,data pipeline tools,big-data,,,,,gao,,,,,,,,,,,,,
marketingscoop,https://www.datamation.com/big-data/data-quality-tools/,data quality suite,data quality tools,big-data,,,,,gao,,,,,,,,,,,,,
marketingscoop,https://www.datamation.com/big-data/data-science-best-practices/,data science best practices,data science best practices,big-data,,,,,gao,,,,,,,,,,,,,
marketingscoop,https://www.datamation.com/big-data/data-science-vs-data-engineering/,data engineering vs data science,data science vs data engineering,big-data,,,,,gao,,,,,,,,,,,,,
marketingscoop,https://www.datamation.com/big-data/data-scraping/,scraping data adalah,data scraping,big-data,,,,,gao,,,,,,,,,,,,,
marketingscoop,https://www.datamation.com/big-data/data-simulation/,simulation data,data simulation,big-data,,,,,gao,,,,,,,,,,,,,
marketingscoop,https://www.datamation.com/big-data/data-strategy-template/,data strategy document,data strategy template,big-data,,,,,gao,,,,,,,,,,,,,
marketingscoop,https://www.datamation.com/big-data/data-structure/,types of data structure,data structure,big-data,,,,,gao,,,,,,,,,,,,,
marketingscoop,https://www.datamation.com/big-data/data-visualization/,what is data visualization software,data visualization,big-data,,,,,gao,,,,,,,,,,,,,
marketingscoop,https://www.datamation.com/big-data/data-visualization-trends/,data visualization news,data visualization trends,big-data,,,,,gao,,,,,,,,,,,,,
marketingscoop,https://www.datamation.com/big-data/data-visualization-use-cases/,infographic data visualization examples,data visualization use cases,big-data,,,,,gao,,,,,,,,,,,,,
marketingscoop,https://www.datamation.com/big-data/data-warehouse-key-tool-for-big-data/,data warehouse big data,data warehouse key tool for big data,big-data,,,,,gao,,,,,,,,,,,,,
marketingscoop,https://www.datamation.com/big-data/dell-boomi-product-overview-and-insight/,what is dell boomi,dell boomi product overview and insight,big-data,,,,,gao,,,,,,,,,,,,,
marketingscoop,https://www.datamation.com/big-data/druva-sfapex-salesforce-crm-data-protection/,sfapex,druva sfapex salesforce crm data protection,big-data,,,,,gao,,,,,,,,,,,,,
marketingscoop,https://www.datamation.com/big-data/enterworks-enable-product-overview-and-insight/,enterworks enable,enterworks enable product overview and insight,big-data,,,,,gao,,,,,,,,,,,,,
marketingscoop,https://www.datamation.com/big-data/etl-tools/,etl platforms,etl tools,big-data,,,,,gao,,,,,,,,,,,,,
marketingscoop,https://www.datamation.com/big-data/facebook-and-data-mining-is-anything-private/,data mining on facebook,facebook and data mining is anything private,big-data,,,,,gao,,,,,,,,,,,,,
marketingscoop,https://www.datamation.com/big-data/gdpr-compliance/,gdpr compliance,gdpr compliance,big-data,,,,,gao,,,,,,,,,,,,,
marketingscoop,https://www.datamation.com/big-data/glba-compliance/,glba compliance,glba compliance,big-data,,,,,gao,,,,,,,,,,,,,
marketingscoop,https://www.datamation.com/big-data/google-marketing-platform-dmp-review/,google dmp,google marketing platform dmp review,big-data,,,,,gao,,,,,,,,,,,,,
marketingscoop,https://www.datamation.com/big-data/h2o-product-overview-and-insight/,h2o.ai,h2o product overview and insight,big-data,,,,,gao,,,,,,,,,,,,,
marketingscoop,https://www.datamation.com/big-data/hierarchical-vs-relational-data-models/,hierarchical database vs relational database,hierarchical vs relational data models,big-data,,,,,gao,,,,,,,,,,,,,
marketingscoop,https://www.datamation.com/big-data/how-to-create-a-data-integration-strategy/,data integration strategy,how to create a data integration strategy,big-data,,,,,gao,,,,,,,,,,,,,
marketingscoop,https://www.datamation.com/big-data/how-to-do-data-classification/,how to do data classification,how to do data classification,big-data,,,,,gao,,,,,,,,,,,,,
marketingscoop,https://www.datamation.com/big-data/how-to-run-monte-carlo-simulation-in-excel/,monte carlo simulation excel,how to run monte carlo simulation in excel,big-data,,,,,gao,,,,,,,,,,,,,
marketingscoop,https://www.datamation.com/big-data/how-to-select-a-big-data-application/,big data requirements,how to select a big data application,big-data,,,,,gao,,,,,,,,,,,,,
marketingscoop,https://www.datamation.com/big-data/ibm-cognos-analytics-product-overview-and-insight/,ibm cognos analytics,ibm cognos analytics product overview and insight,big-data,,,,,gao,,,,,,,,,,,,,
marketingscoop,https://www.datamation.com/big-data/ibm-infosphere-product-overview-and-insight/,ibm infosphere,ibm infosphere product overview and insight,big-data,,,,,gao,,,,,,,,,,,,,
marketingscoop,https://www.datamation.com/big-data/ibm-kyndryl-spin-off-separation-makes-sense/,ibm kyndryl,ibm kyndryl spin off separation makes sense,big-data,,,,,gao,,,,,,,,,,,,,
marketingscoop,https://www.datamation.com/big-data/ibm-mdm-solutions-product-overview-and-insight/,ibm mdm solution,ibm mdm solutions product overview and insight,big-data,,,,,gao,,,,,,,,,,,,,
marketingscoop,https://www.datamation.com/big-data/ibm-spss-statistics-product-overview-and-insight/,ibm spss statistics,ibm spss statistics product overview and insight,big-data,,,,,gao,,,,,,,,,,,,,
marketingscoop,https://www.datamation.com/big-data/importance-ibm-quantum-roadmap/,ibm quantum roadmap,importance ibm quantum roadmap,big-data,,,,,gao,,,,,,,,,,,,,
marketingscoop,https://www.datamation.com/big-data/informatica-mdm-product-overview-and-insight/,informatica mdm,informatica mdm product overview and insight,big-data,,,,,gao,,,,,,,,,,,,,
marketingscoop,https://www.datamation.com/big-data/informatica-powercenter-product-overview-and-insight/,informatica powercenter,informatica powercenter product overview and insight,big-data,,,,,gao,,,,,,,,,,,,,
marketingscoop,https://www.datamation.com/big-data/information-builders-webfocus-product-overview-and-insight/,information builders,information builders webfocus product overview and insight,big-data,,,,,gao,,,,,,,,,,,,,
marketingscoop,https://www.datamation.com/big-data/iot-analytics-platforms/,iot analytics platform,iot analytics platforms,big-data,,,,,gao,,,,,,,,,,,,,
marketingscoop,https://www.datamation.com/big-data/is-data-mining-illegal/,is data mining illegal,is data mining illegal,big-data,,,,,gao,,,,,,,,,,,,,
marketingscoop,https://www.datamation.com/big-data/linear-regression-in-excel/,linear regression excel,linear regression in excel,big-data,,,,,gao,,,,,,,,,,,,,
marketingscoop,https://www.datamation.com/big-data/logical-data-model/,logical data model,logical data model,big-data,,,,,gao,,,,,,,,,,,,,
marketingscoop,https://www.datamation.com/big-data/logical-vs-physical-data-model/,difference between logical and physical design,logical vs physical data model,big-data,,,,,gao,,,,,,,,,,,,,
marketingscoop,https://www.datamation.com/big-data/logistic-regression-in-excel/,logistic regression in excel,logistic regression in excel,big-data,,,,,gao,,,,,,,,,,,,,
marketingscoop,https://www.datamation.com/big-data/master-data-management/,master data,master data management,big-data,,,,,gao,,,,,,,,,,,,,
marketingscoop,https://www.datamation.com/big-data/master-data-management-implementation-styles/,mdm implementation styles,master data management implementation styles,big-data,,,,,gao,,,,,,,,,,,,,
marketingscoop,https://www.datamation.com/big-data/master-data-management-tools/,master data management software vendors,master data management tools,big-data,,,,,gao,,,,,,,,,,,,,
marketingscoop,https://www.datamation.com/big-data/metadata-management-tools/,metadata management tools,metadata management tools,big-data,,,,,gao,,,,,,,,,,,,,
marketingscoop,https://www.datamation.com/big-data/microsoft-power-bi-product-overview-and-insight/,is power bi a microsoft product,microsoft power bi product overview and insight,big-data,,,,,gao,,,,,,,,,,,,,
marketingscoop,https://www.datamation.com/big-data/microsoft-sql-server-integration-services-product-overview-and-insight/,sql server integration services,microsoft sql server integration services product overview and insight,big-data,,,,,gao,,,,,,,,,,,,,
marketingscoop,https://www.datamation.com/big-data/neural-network-in-excel/,neural network excel,neural network in excel,big-data,,,,,gao,,,,,,,,,,,,,
marketingscoop,https://www.datamation.com/big-data/open-source-data-mining-tools/,open source data mining tools,open source data mining tools,big-data,,,,,gao,,,,,,,,,,,,,
marketingscoop,https://www.datamation.com/big-data/oracle-acquiring-cerner-28-billion/,who owns cerner,oracle acquiring cerner 28 billion,big-data,,,,,gao,,,,,,,,,,,,,
marketingscoop,https://www.datamation.com/big-data/oracle-bluekai-dmp-review/,oracle bluekai pricing,oracle bluekai dmp review,big-data,,,,,gao,,,,,,,,,,,,,
marketingscoop,https://www.datamation.com/big-data/oracle-database-rdbms/,what is oracle rdbms,oracle database rdbms,big-data,,,,,gao,,,,,,,,,,,,,
marketingscoop,https://www.datamation.com/big-data/oracle-data-integrator-product-overview-and-insight/,oracle data integrator licensing,oracle data integrator product overview and insight,big-data,,,,,gao,,,,,,,,,,,,,
marketingscoop,https://www.datamation.com/big-data/oracle-vs-sql-server-rdbms/,rdbms oracle,oracle vs sql server rdbms,big-data,,,,,gao,,,,,,,,,,,,,
marketingscoop,https://www.datamation.com/big-data/orchestra-networks-ebx-product-overview-and-insight/,orchestra networks,orchestra networks ebx product overview and insight,big-data,,,,,gao,,,,,,,,,,,,,
marketingscoop,https://www.datamation.com/big-data/physical-data-models/,data models in dbms,physical data models,big-data,,,,,gao,,,,,,,,,,,,,
marketingscoop,https://www.datamation.com/big-data/predictive-analytics-examples/,predictive analytics tools,predictive analytics examples,big-data,,,,,gao,,,,,,,,,,,,,
marketingscoop,https://www.datamation.com/big-data/predictive-analytics-techniques/,predictive analytics techniques,predictive analytics techniques,big-data,,,,,gao,,,,,,,,,,,,,
marketingscoop,https://www.datamation.com/big-data/profisee-product-overview-and-insight/,what is profisee,profisee product overview and insight,big-data,,,,,gao,,,,,,,,,,,,,
marketingscoop,https://www.datamation.com/big-data/qlik-product-overview-and-insight/,qlikview features,qlik product overview and insight,big-data,,,,,gao,,,,,,,,,,,,,
marketingscoop,https://www.datamation.com/big-data/qualitative-vs-quantitative-data/,qualitative and quantitative data,qualitative vs quantitative data,big-data,,,,,gao,,,,,,,,,,,,,
marketingscoop,https://www.datamation.com/big-data/raw-data/,raw data,raw data,big-data,,,,,gao,,,,,,,,,,,,,
marketingscoop,https://www.datamation.com/big-data/relational-data-model/,relational data model,relational data model,big-data,,,,,gao,,,,,,,,,,,,,
marketingscoop,https://www.datamation.com/big-data/riversand-mdm-product-overview-and-insight/,riversand mdm,riversand mdm product overview and insight,big-data,,,,,gao,,,,,,,,,,,,,
marketingscoop,https://www.datamation.com/big-data/robotics-market/,robotics market,robotics market,big-data,,,,,gao,,,,,,,,,,,,,
marketingscoop,https://www.datamation.com/big-data/salesforce-cdp-review/,cdp cloud salesforce,salesforce cdp review,big-data,,,,,gao,,,,,,,,,,,,,
marketingscoop,https://www.datamation.com/big-data/salesforce-einstein-analytics/,salesforce einstein pricing,salesforce einstein analytics,big-data,,,,,gao,,,,,,,,,,,,,
marketingscoop,https://www.datamation.com/big-data/sap-business-objects-product-overview-and-insight/,business objects sap,sap business objects product overview and insight,big-data,,,,,gao,,,,,,,,,,,,,
marketingscoop,https://www.datamation.com/big-data/sap-data-services-product-overview-and-insight/,sap data services,sap data services product overview and insight,big-data,,,,,gao,,,,,,,,,,,,,
marketingscoop,https://www.datamation.com/big-data/sap-predictive-analytics-product-overview-and-insight/,sap predictive analysis,sap predictive analytics product overview and insight,big-data,,,,,gao,,,,,,,,,,,,,
marketingscoop,https://www.datamation.com/big-data/sas-access-product-overview-and-insight/,sas access,sas access product overview and insight,big-data,,,,,gao,,,,,,,,,,,,,
marketingscoop,https://www.datamation.com/big-data/sas-advanced-analytics-product-overview-and-insight/,sas predictive analytics,sas advanced analytics product overview and insight,big-data,,,,,gao,,,,,,,,,,,,,
marketingscoop,https://www.datamation.com/big-data/semi-structured-data/,semi structured data examples,semi structured data,big-data,,,,,gao,,,,,,,,,,,,,
marketingscoop,https://www.datamation.com/big-data/sentiment-analysis/,what is sentiment analysis,sentiment analysis,big-data,,,,,gao,,,,,,,,,,,,,
marketingscoop,https://www.datamation.com/big-data/sox-compliance/,sox regulatory,sox compliance,big-data,,,,,gao,,,,,,,,,,,,,
marketingscoop,https://www.datamation.com/big-data/state-of-observability-review-2024/,observability news today,state of observability review 2024,big-data,,,,,gao,,,,,,,,,,,,,
marketingscoop,https://www.datamation.com/big-data/statistical-data-analysis/,what is statistical analysis,statistical data analysis,big-data,,,,,gao,,,,,,,,,,,,,
marketingscoop,https://www.datamation.com/big-data/stibo-systems-master-data-management-product-overview-and-insight/,stibo systems,stibo systems master data management product overview and insight,big-data,,,,,gao,,,,,,,,,,,,,
marketingscoop,https://www.datamation.com/big-data/structured-data/,example of structured data,structured data,big-data,,,,,gao,,,,,,,,,,,,,
marketingscoop,https://www.datamation.com/big-data/structured-vs-unstructured-data/,structured and unstructured data,structured vs unstructured data,big-data,,,,,gao,,,,,,,,,,,,,
marketingscoop,https://www.datamation.com/big-data/talend-open-studio-product-overview-and-insight/,talend open studio,talend open studio product overview and insight,big-data,,,,,gao,,,,,,,,,,,,,
marketingscoop,https://www.datamation.com/big-data/text-analysis-tools/,text analytics tools,text analysis tools,big-data,,,,,gao,,,,,,,,,,,,,
marketingscoop,https://www.datamation.com/big-data/tibco-mdm-product-overview-and-insight/,tibco mdm,tibco mdm product overview and insight,big-data,,,,,gao,,,,,,,,,,,,,
marketingscoop,https://www.datamation.com/big-data/tibco-statistica-product-overview-and-insight/,tibco statistica,tibco statistica product overview and insight,big-data,,,,,gao,,,,,,,,,,,,,
marketingscoop,https://www.datamation.com/big-data/top-10-benefits-of-a-data-warehouse/,advantages of data warehouse,top benefits of a data warehouse,big-data,,,,,gao,,,,,,,,,,,,,
marketingscoop,https://www.datamation.com/big-data/top-10-data-catalog-software-solutions/,data catalog solutions,top data catalog software solutions,big-data,,,,,gao,,,,,,,,,,,,,
marketingscoop,https://www.datamation.com/big-data/top-15-data-warehouse-tools/,data warehouse tools,top data warehouse tools,big-data,,,,,gao,,,,,,,,,,,,,
marketingscoop,https://www.datamation.com/big-data/top-5-open-source-data-integration-tools/,data integration products,top open source data integration tools,big-data,,,,,gao,,,,,,,,,,,,,
marketingscoop,https://www.datamation.com/big-data/top-8-predictive-analytics-tools/,predictive software,top predictive analytics tools,big-data,,,,,gao,,,,,,,,,,,,,
marketingscoop,https://www.datamation.com/big-data/top-big-data-tools/,big data tools,top big data tools,big-data,,,,,gao,,,,,,,,,,,,,
marketingscoop,https://www.datamation.com/big-data/top-database-challenges/,database problems,top database challenges,big-data,,,,,gao,,,,,,,,,,,,,
marketingscoop,https://www.datamation.com/big-data/top-data-mining-tools/,software for data mining,top data mining tools,big-data,,,,,gao,,,,,,,,,,,,,
marketingscoop,https://www.datamation.com/big-data/top-data-virtualization-tools/,data virtualization tools,top data virtualization tools,big-data,,,,,gao,,,,,,,,,,,,,
marketingscoop,https://www.datamation.com/big-data/top-digital-transformation-companies/,digital transformation companies,top digital transformation companies,big-data,,,,,gao,,,,,,,,,,,,,
marketingscoop,https://www.datamation.com/big-data/top-sentiment-analysis-tools/,sentiment analysis tools,top sentiment analysis tools,big-data,,,,,gao,,,,,,,,,,,,,
marketingscoop,https://www.datamation.com/big-data/types-of-data-analytics/,types of data analytics,types of data analytics,big-data,,,,,gao,,,,,,,,,,,,,
marketingscoop,https://www.datamation.com/big-data/types-of-data-classification/,types of data classification,types of data classification,big-data,,,,,gao,,,,,,,,,,,,,
marketingscoop,https://www.datamation.com/big-data/types-of-data-modeling/,contoh pemodelan data,types of data modeling,big-data,,,,,gao,,,,,,,,,,,,,
marketingscoop,https://www.datamation.com/big-data/unstructured-data/,unstructured data sources,unstructured data,big-data,,,,,gao,,,,,,,,,,,,,
marketingscoop,https://www.datamation.com/big-data/what-is-a-data-lakehouse/,what is a data lakehouse,what is a data lakehouse,big-data,,,,,gao,,,,,,,,,,,,,
marketingscoop,https://www.datamation.com/big-data/what-is-a-hierarchical-data-model-definition-and-examples/,hierarchical data model,what is a hierarchical data model definition and examples,big-data,,,,,gao,,,,,,,,,,,,,
marketingscoop,https://www.datamation.com/big-data/what-is-a-network-data-model-examples-pros-and-cons/,network data model,what is a network data model examples pros and cons,big-data,,,,,gao,,,,,,,,,,,,,
marketingscoop,https://www.datamation.com/big-data/what-is-big-data-analytics/,big data analytics benefits,what is big data analytics,big-data,,,,,gao,,,,,,,,,,,,,
marketingscoop,https://www.datamation.com/big-data/what-is-cohort-analysis/,cohort adalah,what is cohort analysis,big-data,,,,,gao,,,,,,,,,,,,,
marketingscoop,https://www.datamation.com/big-data/what-is-data-analytics/,data analysis for business,what is data analytics,big-data,,,,,gao,,,,,,,,,,,,,
marketingscoop,https://www.datamation.com/big-data/what-is-data-classification/,klasifikasi data adalah,what is data classification,big-data,,,,,gao,,,,,,,,,,,,,
marketingscoop,https://www.datamation.com/big-data/what-is-data-integration/,integrasi data adalah,what is data integration,big-data,,,,,gao,,,,,,,,,,,,,
marketingscoop,https://www.datamation.com/big-data/what-is-data-management/,data management tools,what is data management,big-data,,,,,gao,,,,,,,,,,,,,
marketingscoop,https://www.datamation.com/big-data/what-is-data-mining/,types of data mining,what is data mining,big-data,,,,,gao,,,,,,,,,,,,,
marketingscoop,https://www.datamation.com/big-data/what-is-data-modeling/,what is data modelling,what is data modeling,big-data,,,,,gao,,,,,,,,,,,,,
marketingscoop,https://www.datamation.com/big-data/what-is-data-observability/,what is data observability,what is data observability,big-data,,,,,gao,,,,,,,,,,,,,
marketingscoop,https://www.datamation.com/big-data/what-is-data-sovereignty-and-why-does-it-matter/,what is data sovereignty,what is data sovereignty and why does it matter,big-data,,,,,gao,,,,,,,,,,,,,
marketingscoop,https://www.datamation.com/big-data/what-is-data-virtualization/,what is data virtualization,what is data virtualization,big-data,,,,,gao,,,,,,,,,,,,,
marketingscoop,https://www.datamation.com/big-data/what-is-factor-analysis/,factor analysis in research,what is factor analysis,big-data,,,,,gao,,,,,,,,,,,,,
marketingscoop,https://www.datamation.com/big-data/what-is-multi-tenant-architecture/,multi tenant architecture,what is multi tenant architecture,big-data,,,,,gao,,,,,,,,,,,,,
marketingscoop,https://www.datamation.com/big-data/what-is-predictive-analytics/,predictive analytics,what is predictive analytics,big-data,,,,,gao,,,,,,,,,,,,,
marketingscoop,https://www.datamation.com/big-data/what-is-qualitative-data/,what is qualitative data,what is qualitative data,big-data,,,,,gao,,,,,,,,,,,,,
marketingscoop,https://www.datamation.com/big-data/what-is-quantitative-data/,quantitative data,what is quantitative data,big-data,,,,,gao,,,,,,,,,,,,,
marketingscoop,https://www.datamation.com/big-data/what-is-regression-analysis/,regression analysis in statistics,what is regression analysis,big-data,,,,,gao,,,,,,,,,,,,,
marketingscoop,https://www.datamation.com/big-data/what-is-time-series-analysis/,time series in statistics,what is time series analysis,big-data,,,,,gao,,,,,,,,,,,,,
marketingscoop,https://www.datamation.com/big-data/why-is-data-management-important/,data management benefits,why is data management important,big-data,,,,,gao,,,,,,,,,,,,,
marketingscoop,https://www.datamation.com/careers/ai-jobs/,ai companies hiring,ai jobs,,,,,,gao,,,,,,,,,,,,,
marketingscoop,https://www.datamation.com/careers/amd-mark-papermaster-how-hire-experienced-executive/,mark papermaster,amd mark papermaster how hire experienced executive,careers,,,,,gao,,,,,,,,,,,,,
marketingscoop,https://www.datamation.com/careers/automation-certifications/,automation certification,automation certifications,careers,,,,,gao,,,,,,,,,,,,,
marketingscoop,https://www.datamation.com/careers/cloud-certifications/,what is cloud certification,cloud certifications,careers,,,,,gao,,,,,,,,,,,,,
marketingscoop,https://www.datamation.com/careers/coursera-data-analytics-certifications-review/,google data analytics professional certificate coursera,coursera data analytics certifications review,careers,,,,,gao,,,,,,,,,,,,,
marketingscoop,https://www.datamation.com/careers/cybersecurity-certifications/,cybersecurity certs,cybersecurity certifications,careers,,,,,gao,,,,,,,,,,,,,
marketingscoop,https://www.datamation.com/careers/cybersecurity-jobs/,companies that hire cyber security,cybersecurity jobs,careers,,,,,gao,,,,,,,,,,,,,
marketingscoop,https://www.datamation.com/careers/data-analytics-certifications/,data analytics certifications,data analytics certifications,careers,,,,,gao,,,,,,,,,,,,,
marketingscoop,https://www.datamation.com/careers/data-analytics-job-market/,data analyst job market,data analytics job market,careers,,,,,gao,,,,,,,,,,,,,
marketingscoop,https://www.datamation.com/careers/data-analytics-job-openings/,top companies hiring data analyst,data analytics job openings,careers,,,,,gao,,,,,,,,,,,,,
marketingscoop,https://www.datamation.com/careers/database-certifications/,database certifications,database certifications,careers,,,,,gao,,,,,,,,,,,,,
marketingscoop,https://www.datamation.com/careers/database-job-market/,database careers,database job market,careers,,,,,gao,,,,,,,,,,,,,
marketingscoop,https://www.datamation.com/careers/data-center-certifications/,dcca certification,data center certifications,careers,,,,,gao,,,,,,,,,,,,,
marketingscoop,https://www.datamation.com/careers/data-management-job-market/,data management specialist,data management job market,careers,,,,,gao,,,,,,,,,,,,,
marketingscoop,https://www.datamation.com/careers/datamation-dice-it-salary-tracker/,dice salary,datamation dice it salary tracker,careers,,,,,gao,,,,,,,,,,,,,
marketingscoop,https://www.datamation.com/careers/data-mining-certifications/,data mining certificate,data mining certifications,careers,,,,,gao,,,,,,,,,,,,,
marketingscoop,https://www.datamation.com/careers/data-recovery-certifications/,data recovery training,data recovery certifications,careers,,,,,gao,,,,,,,,,,,,,
marketingscoop,https://www.datamation.com/careers/data-science-certifications/,data science certification,data science certifications,careers,,,,,gao,,,,,,,,,,,,,
marketingscoop,https://www.datamation.com/careers/data-storage-certifications/,storage certifications,data storage certifications,careers,,,,,gao,,,,,,,,,,,,,
marketingscoop,https://www.datamation.com/careers/data-storage-jobs/,data storage jobs,data storage jobs,careers,,,,,gao,,,,,,,,,,,,,
marketingscoop,https://www.datamation.com/careers/data-visualization-certifications/,data visualization certificate,data visualization certifications,careers,,,,,gao,,,,,,,,,,,,,
marketingscoop,https://www.datamation.com/careers/gambling-porn-in-workplace-breed-spyware/,porn breed,gambling porn in workplace breed spyware,careers,,,,,gao,,,,,,,,,,,,,
marketingscoop,https://www.datamation.com/careers/iot-certifications/,internet of things certification,iot certifications,careers,,,,,gao,,,,,,,,,,,,,
marketingscoop,https://www.datamation.com/careers/iot-job-market/,iot related jobs,iot job market,careers,,,,,gao,,,,,,,,,,,,,
marketingscoop,https://www.datamation.com/careers/iot-job-openings/,iot jobs,iot job openings,careers,,,,,gao,,,,,,,,,,,,,
marketingscoop,https://www.datamation.com/careers/is-there-a-shortage-of-u-s-tech-workers/,ustechworkers,is there a shortage of u s tech workers,careers,,,,,gao,,,,,,,,,,,,,
marketingscoop,https://www.datamation.com/careers/it-salary-tracker-certified-professionals-mcse/,mcse certification salary,it salary tracker certified professionals mcse,careers,,,,,gao,,,,,,,,,,,,,
marketingscoop,https://www.datamation.com/careers/microsoft-debuts-tech-certifications-for-students/,mta certification,microsoft debuts tech certifications for students,careers,,,,,gao,,,,,,,,,,,,,
marketingscoop,https://www.datamation.com/careers/networking-careers/,networking job titles,networking careers,careers,,,,,gao,,,,,,,,,,,,,
marketingscoop,https://www.datamation.com/careers/project-manager-or-project-leaders-whats-in-a-title/,project manager vs project leader,project manager or project leaders whats in a title,careers,,,,,gao,,,,,,,,,,,,,
marketingscoop,https://www.datamation.com/careers/renaissance-man/,renaissance man now,renaissance man,careers,,,,,gao,,,,,,,,,,,,,
marketingscoop,https://www.datamation.com/careers/rpa-certifications/,rpa certification cost,rpa certifications,careers,,,,,gao,,,,,,,,,,,,,
marketingscoop,https://www.datamation.com/careers/sans-takes-security-pros-to-school/,sans technology institute,sans takes security pros to school,careers,,,,,gao,,,,,,,,,,,,,
marketingscoop,https://www.datamation.com/careers/techrepublic-academy-data-science-certifications-review/,techrepublic academy,techrepublic academy data science certifications review,careers,,,,,gao,,,,,,,,,,,,,
marketingscoop,https://www.datamation.com/careers/testing-with-prometric/,prometric dat,testing with prometric,careers,,,,,gao,,,,,,,,,,,,,
marketingscoop,https://www.datamation.com/careers/the-top-10-it-certifications/,it certifications,the top 10 it certifications,careers,,,,,gao,,,,,,,,,,,,,
marketingscoop,https://www.datamation.com/careers/time-has-come-for-the-it-process-engineer/,it process engineer,time has come for the it process engineer,careers,,,,,gao,,,,,,,,,,,,,
marketingscoop,https://www.datamation.com/careers/top-cloud-computing-companies-hiring/,hire cloud developers,top cloud computing companies hiring,careers,,,,,gao,,,,,,,,,,,,,
marketingscoop,https://www.datamation.com/careers/top-data-management-companies-hiring/,data management services companies,top data management companies hiring,careers,,,,,gao,,,,,,,,,,,,,
marketingscoop,https://www.datamation.com/careers/top-data-science-companies-hiring/,data science companies,top data science companies hiring,careers,,,,,gao,,,,,,,,,,,,,
